{"Mean Squared Error": 2.6415314689453617, "Mean Absolute Error": 0.6131885866218791, "R-squared": 0.9413798164389063, "Cross-validated MSE": 0.06019845686657005, "Bias Squared": "52.073 x 10^-6", "Variance": 40.7749239128455}