{"Mean Squared Error": 2.596509050419182, "Mean Absolute Error": 0.5852282399784576, "R-squared": 0.9423793625120981, "Cross-validated MSE": 0.059511149945047845, "Bias Squared": "90.821 x 10^-6", "Variance": 42.15258147316233}